fold_id,tier,horizon_day,rmse,skill_score
1,persistence,1,1.6504948321560833,0.6980451186282907
1,persistence,2,2.1856231762362626,0.4704538038887437
1,persistence,3,2.4858405025703894,0.3145992653606654
1,persistence,4,2.670918443232233,0.20740459825478808
1,persistence,5,2.814344143814667,0.11785965067220627
1,persistence,6,2.9375179238788838,0.0373153077799665
1,persistence,7,3.038636974291291,-0.031147635987182065
1,persistence,8,3.1141254065758552,-0.0829275844893489
1,persistence,9,3.1965632798451975,-0.14102657822971199
1,persistence,10,3.2962845320171352,-0.2135330316973052
1,rolling_mean,1,2.1023994554897776,0.5100585447168564
1,rolling_mean,2,2.3281372982146826,0.39914392662964515
1,rolling_mean,3,2.4894782603164973,0.31259177841049957
1,rolling_mean,4,2.6185470699905884,0.23818229003557234
1,rolling_mean,5,2.730565595640289,0.16959776460502385
1,rolling_mean,6,2.831979947433796,0.10524658748039772
1,rolling_mean,7,2.9254287610727303,0.04425448664966791
1,rolling_mean,8,3.0148886159366897,-0.015008699692314664
1,rolling_mean,9,3.1069799556545084,-0.07796845251036055
1,rolling_mean,10,3.202289017866138,-0.1453105704299913
1,climatological_normal,1,3.003607232932101,0.0
1,climatological_normal,2,3.00347043241261,0.0
1,climatological_normal,3,3.002624175912828,0.0
1,climatological_normal,4,3.0000939335287446,0.0
1,climatological_normal,5,2.9964591340861486,0.0
1,climatological_normal,6,2.9939082856159227,0.0
1,climatological_normal,7,2.992391364854323,0.0
1,climatological_normal,8,2.992515369372627,0.0
1,climatological_normal,9,2.9925087290658885,0.0
1,climatological_normal,10,2.9922569989132284,0.0
1,seasonal_naive,1,3.942075561596118,-0.7225173546386647
1,seasonal_naive,2,3.9455133832168,-0.7256802148790995
1,seasonal_naive,3,3.9499734806330453,-0.7305589814875206
1,seasonal_naive,4,3.9492528467904098,-0.7328468220101974
1,seasonal_naive,5,3.9423468391536405,-0.7309835535055651
1,seasonal_naive,6,3.9400527717842144,-0.7319170710626981
1,seasonal_naive,7,3.9417307323309694,-0.7351503859219031
1,seasonal_naive,8,3.9462005416709163,-0.7389437120204405
1,seasonal_naive,9,3.947564024242068,-0.7401533143612258
1,seasonal_naive,10,3.948475646700168,-0.7412500604696557
1,gbm_tier2,1,1.5161565634677265,0.7451985954077038
1,gbm_tier2,2,1.9142833801459802,0.5937758526341297
1,gbm_tier2,3,2.101849085269485,0.5099943292829963
1,gbm_tier2,4,2.2075621784349706,0.45855271038312984
1,gbm_tier2,5,2.27866968887896,0.4217095339374771
1,gbm_tier2,6,2.332584395595045,0.3929873418448442
1,gbm_tier2,7,2.3648167351800136,0.3754629686502369
1,gbm_tier2,8,2.3897779759331987,0.362261949909376
1,gbm_tier2,9,2.411703868533403,0.3505030616102943
1,gbm_tier2,10,2.4456531910476493,0.3319761626747977
1,lstm_tier3,1,1.7304373993290076,0.6680860523828349
1,lstm_tier3,2,2.064411931663635,0.5275607197737028
1,lstm_tier3,3,2.2367378972318614,0.44508273372841134
1,lstm_tier3,4,2.3395539398843437,0.39187001227906404
1,lstm_tier3,5,2.403789840095444,0.35645892413788727
1,lstm_tier3,6,2.452764962124402,0.32882637321414687
1,lstm_tier3,7,2.49348241989487,0.3056541637199186
1,lstm_tier3,8,2.517190592950442,0.292446276230827
1,lstm_tier3,9,2.536972427176038,0.2812784902720469
1,lstm_tier3,10,2.55996594551363,0.2680682388403206
2,persistence,1,1.66000979956545,0.6657228390910912
2,persistence,2,2.171873643726165,0.42711532104831784
2,persistence,3,2.487845302242787,0.24786330461951867
2,persistence,4,2.6818193368735668,0.1256744363836445
2,persistence,5,2.827139321459268,0.027935725608723483
2,persistence,6,2.936052291729973,-0.049615496059302266
2,persistence,7,3.0322304341755895,-0.12085025168214836
2,persistence,8,3.126147037541579,-0.19327739598425264
2,persistence,9,3.227703967315403,-0.27329913923064786
2,persistence,10,3.3179600926449653,-0.3460628257970264
2,rolling_mean,1,2.0967645634962793,0.46668384708914523
2,rolling_mean,2,2.3237363077971582,0.34419943694715216
2,rolling_mean,3,2.4928225126754895,0.24485082849026518
2,rolling_mean,4,2.6274436894268294,0.16077004863206357
2,rolling_mean,5,2.7448478051784977,0.08370124210359631
2,rolling_mean,6,2.8475184027097287,0.012730454635424104
2,rolling_mean,7,2.939129114209448,-0.053077947878866105
2,rolling_mean,8,3.0214668519480594,-0.11470071531897741
2,rolling_mean,9,3.0996827908207933,-0.17429593547110933
2,rolling_mean,10,3.1750791698461964,-0.23262829222330872
2,climatological_normal,1,2.8711593681311567,0.0
2,climatological_normal,2,2.8694651276990504,0.0
2,climatological_normal,3,2.8686329529463466,0.0
2,climatological_normal,4,2.8680910192700293,0.0
2,climatological_normal,5,2.867475526885736,0.0
2,climatological_normal,6,2.8658184168095646,0.0
2,climatological_normal,7,2.864101505451646,0.0
2,climatological_normal,8,2.861796143663877,0.0
2,climatological_normal,9,2.8604112226527203,0.0
2,climatological_normal,10,2.85981864257159,0.0
2,seasonal_naive,1,4.03362249787624,-0.9736761931433588
2,seasonal_naive,2,4.033972623021583,-0.9763506032966394
2,seasonal_naive,3,4.026208504215086,-0.9698926404694621
2,seasonal_naive,4,4.0306131500645,-0.9749512309238524
2,seasonal_naive,5,4.035158784509753,-0.9802581892720166
2,seasonal_naive,6,4.032325113030256,-0.9797654578104946
2,seasonal_naive,7,4.028528895634601,-0.97840934630534
2,seasonal_naive,8,4.02645894457052,-0.9795622449475565
2,seasonal_naive,9,4.0200021355044,-0.9751297065938027
2,seasonal_naive,10,4.019759365867205,-0.97570967107821
2,gbm_tier2,1,1.5225801909173982,0.71878029277498
2,gbm_tier2,2,1.8864891393108345,0.5677781516902396
2,gbm_tier2,3,2.067653506543447,0.48047606761761863
2,gbm_tier2,4,2.1652114100756243,0.43007887527060873
2,gbm_tier2,5,2.233425521927302,0.3933425863752388
2,gbm_tier2,6,2.2756594240322348,0.3694533927040822
2,gbm_tier2,7,2.3117815386649574,0.34849647271803696
2,gbm_tier2,8,2.331832079132587,0.33607785149810077
2,gbm_tier2,9,2.354771218303848,0.32229530987668265
2,gbm_tier2,10,2.369039388229226,0.31377335474040446
2,lstm_tier3,1,2.018260015932255,0.5058718065364713
2,lstm_tier3,2,2.3009747048305154,0.3569839897473066
2,lstm_tier3,3,2.4450112488196676,0.27353991518487253
2,lstm_tier3,4,2.526351004614191,0.22410755857781817
2,lstm_tier3,5,2.586753907586157,0.18621292549568913
2,lstm_tier3,6,2.6194696229956635,0.16453281931321462
2,lstm_tier3,7,2.6483702157978875,0.14497152358261123
2,lstm_tier3,8,2.6677040863749815,0.13104373282123816
2,lstm_tier3,9,2.688822796697295,0.1163761763001705
2,lstm_tier3,10,2.7180678189976084,0.09667591137799214
3,persistence,1,1.639922942290273,0.707146957874907
3,persistence,2,2.165359924926175,0.48947869323233684
3,persistence,3,2.4796189947651675,0.3298345406154921
3,persistence,4,2.6871074315938395,0.212736712288081
3,persistence,5,2.8300673056814625,0.12582827096406024
3,persistence,6,2.934654635453567,0.05892010134942249
3,persistence,7,3.0172464601129376,0.004180653871437401
3,persistence,8,3.1081117494153956,-0.05734439618847964
3,persistence,9,3.1925760488861803,-0.11672994051487362
3,persistence,10,3.279937267679376,-0.17925440777310708
3,rolling_mean,1,2.0980145966263875,0.520686272475473
3,rolling_mean,2,2.3255004679688747,0.41117458756459657
3,rolling_mean,3,2.489226286874851,0.32463136360251255
3,rolling_mean,4,2.618857930692068,0.2522200473916625
3,rolling_mean,5,2.7273207098624717,0.18815027222473202
3,rolling_mean,6,2.8267061424134687,0.1268802242117414
3,rolling_mean,7,2.923224097646035,0.06527640288066971
3,rolling_mean,8,3.0200607328788056,0.0017149414970053511
3,rolling_mean,9,3.116652054681668,-0.06424666470557527
3,rolling_mean,10,3.215027848143113,-0.1330417462476614
3,climatological_normal,1,3.030390331722946,0.0
3,climatological_normal,2,3.0305618982989433,0.0
3,climatological_normal,3,3.028962763448442,0.0
3,climatological_normal,4,3.0284822337516863,0.0
3,climatological_normal,5,3.026902176257736,0.0
3,climatological_normal,6,3.0251279638390125,0.0
3,climatological_normal,7,3.023573336445994,0.0
3,climatological_normal,8,3.022653682160222,0.0
3,climatological_normal,9,3.02111440135886,0.0
3,climatological_normal,10,3.020381373500019,0.0
3,seasonal_naive,1,4.437444516959724,-1.144216968012973
3,seasonal_naive,2,4.425589684017496,-1.1325340520433382
3,seasonal_naive,3,4.421785365043033,-1.131117754196309
3,seasonal_naive,4,4.412308063741181,-1.1226656562980954
3,seasonal_naive,5,4.396490722616569,-1.109674973033715
3,seasonal_naive,6,4.379569257104832,-1.0959228707678244
3,seasonal_naive,7,4.364523318270722,-1.0836876736059096
3,seasonal_naive,8,4.353781321039665,-1.0747054191041463
3,seasonal_naive,9,4.351711662984934,-1.0748460665015869
3,seasonal_naive,10,4.3400150554632795,-1.0647092596758445
3,gbm_tier2,1,1.5135735556030732,0.7505348296197651
3,gbm_tier2,2,1.9116479263560961,0.6021040647653215
3,gbm_tier2,3,2.1112070116564574,0.5141818113480983
3,gbm_tier2,4,2.220438003082417,0.4624396315653476
3,gbm_tier2,5,2.298322308063902,0.4234657748612407
3,gbm_tier2,6,2.3485634465741048,0.3972779305671522
3,gbm_tier2,7,2.3968652175558756,0.3715854779918625
3,gbm_tier2,8,2.4334537293945155,0.3518591365068563
3,gbm_tier2,9,2.4673824186818085,0.3329804094858755
3,gbm_tier2,10,2.494376753825046,0.3179746230276992
3,lstm_tier3,1,2.0004680075878256,0.5642212215139926
3,lstm_tier3,2,2.304929420121857,0.42154584488131774
3,lstm_tier3,3,2.4723173519197275,0.3337755527377808
3,lstm_tier3,4,2.559413984762268,0.28578162921633066
3,lstm_tier3,5,2.6219000885964574,0.24969903460605702
3,lstm_tier3,6,2.6607992049365228,0.22636394106302749
3,lstm_tier3,7,2.6855941317773486,0.21106768578176482
3,lstm_tier3,8,2.6959928508752324,0.2044624377660863
3,lstm_tier3,9,2.715435923181298,0.19212387086717153
3,lstm_tier3,10,2.7343853155144666,0.18041149338867346
