district_name,lat,lon
Agra,27.007782220181348,78.06320172852067
Aligarh,27.92629151220834,78.07720572237265
Allahabad,25.299640147619403,81.96487006068925
Ambedkar Nagar,26.42379301293152,82.6599040238866
Amethi,26.28669702684409,81.63080971205854
Amroha,28.84331857575354,78.34905767968031
Auraiya,26.6498136919667,79.44939965350447
Azamgarh,26.055101661962844,83.04112221572119
Baghpat,29.059938750548422,77.30260195704027
Bahraich,27.740809750714384,81.41317931333138
Ballia,25.87750588116728,84.09705165731066
Balrampur,27.487068857194558,82.36883322532678
Banda,25.471041559764757,80.55262064446414
Barabanki,26.916630029836664,81.37192985727945
Bareilly,28.455407127441067,79.4110821873294
Basti,26.789934123912914,82.60649117560222
Bijnor,29.392763639443395,78.38681844729149
Budaun,28.08645911363401,79.03187504779045
Bulandshahr,28.36668030684517,77.99929145141857
Chandauli,25.139155842253746,83.25265240503545
Chitrakoot,25.20890927369236,81.08125099144661
Deoria,26.425394492355206,83.82747882107111
Etah,27.51792393387101,78.7020605827552
Etawah,26.78950967541108,79.08142588206819
Faizabad,26.634767827821648,82.07056649257655
Farrukhabad,27.43626020839714,79.45161215347751
Fatehpur,25.877951545738703,80.79862105665106
Firozabad,27.206032760751054,78.45687650856544
Gautam Buddha Nagar,28.39562721846486,77.53756246076944
Ghaziabad,28.77847469852345,77.47628387160816
Ghazipur,25.624766662398518,83.54762961018662
Gonda,27.087770838264312,82.01258893047975
Gorakhpur,26.625554489621667,83.35999383942064
Hamirpur,25.73662811844523,79.87059505631224
Hapur,28.717859122737842,77.87007625432888
Hardoi,27.334319982643024,80.15281961608103
Hathras,27.57614785509758,78.14388354371627
Jalaun,26.09632484264997,79.37975070357605
Jaunpur,25.74911096312818,82.5671025174875
Jhansi,25.510583530293346,78.94627651944225
Kannauj,27.0177236665002,79.67852261978332
Kanpur Dehat,26.44491614665167,79.84664319980475
Kanpur Nagar,26.39204524161994,80.20252359852711
Kasganj,27.782273619380184,78.83692237818799
Kaushambi,25.491518508268847,81.45907273504439
Kushinagar,26.864609778992353,83.92542839522727
Lakhimpur Kheri,28.127533483137046,80.65654249509971
Lalitpur,24.657689427969018,78.55563562416044
Lucknow,26.846611038498104,80.89715474381902
Maharajganj,27.188126423526956,83.50069472148023
Mahoba,25.352423087832868,79.692608417816
Mainpuri,27.186444588498652,79.04407411627648
Mathura,27.600493543299642,77.62094741699065
Mau,26.035391043719603,83.50273066484849
Meerut,29.0416646906327,77.78358760053193
Mirzapur,24.987881321031686,82.61068952626415
Moradabad,28.877933433769257,78.7817235358659
Muzaffarnagar,29.41774851090544,77.72779323089374
Pilibhit,28.547737944162854,79.95034035187795
Pratapgarh,25.876545729026375,81.82235743531803
Rae Bareli,26.230429969629142,81.12556983929079
Rampur,28.80146326543017,79.0939620974864
Saharanpur,29.95456904634536,77.53513795337787
Sambhal,28.453953302751312,78.52761179604981
Sant Kabir Nagar,26.747738442245858,83.03006777528178
Sant Ravi Das Nagar,25.350988146445104,82.45564408371081
Shahjahanpur,27.981647432116176,79.83371640430727
Shamli,29.49954167474712,77.27646142566311
Shravasti,27.67832909074474,81.81585890909818
Siddharth Nagar,27.232805530544855,82.86028160863707
Sitapur,27.523228949123762,80.84703092987237
Sonbhadra,24.40323532172332,83.0455755731677
Sultanpur,26.247175727074552,82.21758520607203
Unnao,26.61419730109677,80.55039802603679
Varanasi,25.39061867527589,82.9090088763045
