dropout,dense_units,rmse_7_10,rmse_1_10,train_time_sec
0.1,64,2.297666694357342,2.126852032578609,352.58300733566284
0.2,64,2.299079852216095,2.132376901104769,336.8145754337311
0.3,32,2.302828587693713,2.13842067693028,342.37848925590515
0.1,16,2.3081534557998986,2.1265256174640115,354.849764585495
0.3,16,2.311090177224333,2.136126090410569,356.0224041938782
0.2,32,2.3188246686628373,2.1335477550997686,361.4121513366699
0.4,32,2.3199127864403035,2.1455522653695445,335.2214403152466
0.1,32,2.3233537013501957,2.134939532755824,384.6966321468353
0.4,16,2.324279585311293,2.1691655785664397,309.78754591941833
0.2,16,2.3243572724381787,2.1405927096390256,397.5977931022644
0.3,64,2.3256751675856906,2.1605847727253185,326.9445812702179
0.4,64,2.3495668179327662,2.192791139605505,327.6128752231598
